<T3DataStructure>
<sheets>
	
	<First>
  <ROOT>
    <type>array</type>
      <el>
	<settings.itemName>
	  <TCEforms>
	    <label>Landberatung</label>
	    <config>
	      <type>select</type>
              <items type="array">
               <numIndex index="0" type="array">
										<numIndex index="0"></numIndex>
										<numIndex index="1"></numIndex>
									</numIndex>
									<numIndex index="1">
										<numIndex index="0">LLL:EXT:news/Resources/Private/Language/locallang_be.xml:flexforms_general.orderBy.tstamp</numIndex>
										<numIndex index="1">tstamp</numIndex>
									</numIndex>
									<numIndex index="2">
										<numIndex index="0">LLL:EXT:news/Resources/Private/Language/locallang_be.xml:flexforms_general.orderBy.datetime</numIndex>
										<numIndex index="1">datetime</numIndex>
									</numIndex>
									<numIndex index="3">
										<numIndex index="0">LLL:EXT:news/Resources/Private/Language/locallang_be.xml:flexforms_general.orderBy.crdate</numIndex>
										<numIndex index="1">crdate</numIndex>
									</numIndex>
									<numIndex index="4">
										<numIndex index="0">LLL:EXT:news/Resources/Private/Language/locallang_be.xml:flexforms_general.orderBy.title</numIndex>
										<numIndex index="1">title</numIndex>
									</numIndex>
              </items>
	    </config>
	  </TCEforms>
	</settings.itemName>
	
	<settings.firstset>
		<TCEforms>
			<label>firstset</label>
				<config>
					<type>check</type>
				</config>
		</TCEforms>
	</settings.firstset>
					
	<settings.mySett>
		<TCEforms>
			<label>mySett</label>
				<config>
					<type>check</type>
				</config>
	    </TCEforms>
	</settings.mySett>
	
   </el>
   </ROOT>  
  </First>
  
  

  <Second>
  <ROOT>
    <type>array</type>
      <el>
	<settings.itemName2>
	  <TCEforms>
	    <label>Landberatung</label>
	    <config>
	      <type>select</type>
              <items type="array">
               <numIndex index="0" type="array">
										<numIndex index="0"></numIndex>
										<numIndex index="1"></numIndex>
									</numIndex>
									<numIndex index="1">
										<numIndex index="0">LLL:EXT:news/Resources/Private/Language/locallang_be.xml:flexforms_general.orderBy.tstamp</numIndex>
										<numIndex index="1">tstamp</numIndex>
									</numIndex>
									<numIndex index="2">
										<numIndex index="0">LLL:EXT:news/Resources/Private/Language/locallang_be.xml:flexforms_general.orderBy.datetime</numIndex>
										<numIndex index="1">datetime</numIndex>
									</numIndex>
									<numIndex index="3">
										<numIndex index="0">LLL:EXT:news/Resources/Private/Language/locallang_be.xml:flexforms_general.orderBy.crdate</numIndex>
										<numIndex index="1">crdate</numIndex>
									</numIndex>
									<numIndex index="4">
										<numIndex index="0">LLL:EXT:news/Resources/Private/Language/locallang_be.xml:flexforms_general.orderBy.title</numIndex>
										<numIndex index="1">title</numIndex>
									</numIndex>
              </items>
	    </config>
			
       </TCEforms>
	</settings.itemName2>
	
	<settings.includeSubCategories2>
						<TCEforms>
							<label>includeSubCategories2</label>
							<config>
								<type>check</type>
							</config>
						</TCEforms>
					</settings.includeSubCategories2>
					
					<settings.mySett2>
						<TCEforms>
							<label>mySett2</label>
							<config>
								<type>check</type>
							</config>
						</TCEforms>
					</settings.mySett2>
					
					
      </el>
   </ROOT>  
  </Second>
  
  
  
  
  
  </sheets> 
</T3DataStructure>