{
    "modules": [
        {
            "config": {
                "position": [
                    513,
                    136
                ]
            },
            "name": "New Model Object",
            "value": {
                "actionGroup": {
                    "_default0_list": true,
                    "_default1_show": true,
                    "_default2_new_create": true,
                    "_default3_edit_update": true,
                    "_default4_delete": true,
                    "customActions": [

                    ]
                },
                "name": "MdelTest",
                "objectsettings": {
                    "addDeletedField": true,
                    "addHiddenField": true,
                    "addStarttimeEndtimeFields": true,
                    "aggregateRoot": true,
                    "categorizable": false,
                    "description": "",
                    "mapToTable": "",
                    "parentClass": "",
                    "sorting": false,
                    "type": "Entity",
                    "uid": "52081465643"
                },
                "propertyGroup": {
                    "properties": [
                        {
                            "allowedFileTypes": "",
                            "maxItems": "1",
                            "propertyDescription": "",
                            "propertyIsExcludeField": true,
                            "propertyIsRequired": false,
                            "propertyName": "name",
                            "propertyType": "String",
                            "uid": "790404781218"
                        }
                    ]
                },
                "relationGroup": {
                    "relations": [

                    ]
                }
            }
        }
    ],
    "properties": {
        "backendModules": [

        ],
        "description": "",
        "emConf": {
            "category": "plugin",
            "custom_category": "",
            "dependsOn": "typo3 => 6.2\n",
            "disableLocalization": false,
            "disableVersioning": false,
            "sourceLanguage": "en",
            "state": "alpha",
            "targetVersion": "6.2",
            "version": ""
        },
        "extensionKey": "extkey",
        "name": "extname",
        "originalExtensionKey": "extkey",
        "persons": [

        ],
        "plugins": [
            {
                "actions": {
                    "controllerActionCombinations": "",
                    "noncacheableActions": "",
                    "switchableActions": ""
                },
                "key": "pi1",
                "name": "frondname"
            }
        ],
        "vendorName": "Veldorname"
    },
    "wires": [

    ],
    "log": {
        "last_modified": "2014-08-23 07:24",
        "extension_builder_version": "6.2.0",
        "be_user": "Michael Pankratius (12)"
    }
}